DEPTH_MD,GROUP,FORMATION,CALI,RHOB,NPHI,DTC,BS,LITHOLOGY
1149.648,HORDALAND GP.,Utsira Fm.,17.482091904,2.063167572,0.54185009,134.22637939,17.5,65000
1149.8,HORDALAND GP.,Utsira Fm.,17.395610809,2.05113554,0.5454009175,134.82479858,17.5,65000
1149.952,HORDALAND GP.,Utsira Fm.,17.364606857,2.0415401459,0.5489529967,135.03707886,17.5,65000
1150.104,HORDALAND GP.,Utsira Fm.,17.371887207,2.0356984138,0.5493555069,134.50033569,17.5,65000
1150.256,HORDALAND GP.,Utsira Fm.,17.370704651,2.0290987492,0.5433511734,132.16239929,17.5,65000
1150.408,HORDALAND GP.,Utsira Fm.,17.376644135,2.0253431797,0.5438557267,129.90846252,17.5,65000
1150.56,HORDALAND GP.,Utsira Fm.,17.405723572,2.0250871181,0.5521139503,129.4107666,17.5,65000
1150.712,HORDALAND GP.,Utsira Fm.,17.356458664,2.0213315487,0.5465470552,129.57086182,17.5,65000
1150.864,HORDALAND GP.,Utsira Fm.,17.280124664,2.0146901608,0.5258116722,131.08398438,17.5,65000
1151.016,HORDALAND GP.,Utsira Fm.,17.252223969,2.0048904419,0.4986175895,135.12599182,17.5,65000
1151.168,HORDALAND GP.,Utsira Fm.,17.262874603,1.9920636415,0.4868463278,137.47341919,17.5,65000
1151.32,HORDALAND GP.,Utsira Fm.,17.322483063,1.9805293083,0.5095843673,138.79495239,17.5,65000
1151.472,HORDALAND GP.,Utsira Fm.,17.262235641,1.9772852659,0.5587665439,136.67552185,17.5,65000
1151.624,HORDALAND GP.,Utsira Fm.,17.188396454,1.984823823,0.5991560817,134.75689697,17.5,65000
1151.776,HORDALAND GP.,Utsira Fm.,17.293664932,1.9940551519,0.5999144912,133.55117798,17.5,65000
1151.928,HORDALAND GP.,Utsira Fm.,17.363323212,2.0004403591,0.5890346169,133.39370728,17.5,65030
1152.08,HORDALAND GP.,Utsira Fm.,17.306394577,2.0072553158,0.5954430103,135.01968384,17.5,65030
1152.232,HORDALAND GP.,Utsira Fm.,17.303955078,2.0170853138,0.6104481816,136.6607666,17.5,65030
1152.384,HORDALAND GP.,Utsira Fm.,17.368221283,2.0276217461,0.6145867705,136.61581421,17.5,65030
1152.536,HORDALAND GP.,Utsira Fm.,17.433296204,2.0335755348,0.6009938121,134.9360199,17.5,65030
1152.688,HORDALAND GP.,Utsira Fm.,17.468294144,2.0339932442,0.5763171315,134.49966431,17.5,65000
1152.84,HORDALAND GP.,Utsira Fm.,17.418153763,2.0305116177,0.5428779125,134.99835205,17.5,65000
1152.992,HORDALAND GP.,Utsira Fm.,17.39418602,2.0274267197,0.5182313919,136.04626465,17.5,65000
1153.144,HORDALAND GP.,Utsira Fm.,17.4870224,2.0310344696,0.5288696289,138.03445435,17.5,65000
1153.296,HORDALAND GP.,Utsira Fm.,17.525499344,2.0420069695,0.5671935678,137.36187744,17.5,65000
1153.448,HORDALAND GP.,Utsira Fm.,17.531738281,2.0524017811,0.5956140757,135.80020142,17.5,65000
1153.6,HORDALAND GP.,Utsira Fm.,17.628221512,2.0530529022,0.602663517,133.87400818,17.5,65000
1153.752,HORDALAND GP.,Utsira Fm.,17.707717896,2.0419666767,0.6161627173,131.02886963,17.5,65000
1153.904,HORDALAND GP.,Utsira Fm.,17.687911987,2.0251188278,0.6419649124,131.63877869,17.5,65000
1154.056,HORDALAND GP.,Utsira Fm.,17.607830048,2.0102510452,0.6392138004,134.30610657,17.5,65000
1154.208,HORDALAND GP.,Utsira Fm.,17.530118942,1.9998869896,0.5949314237,138.36450195,17.5,65000
1154.36,HORDALAND GP.,Utsira Fm.,17.458662033,1.9968703985,0.5401518345,141.27854919,17.5,65000
1154.512,HORDALAND GP.,Utsira Fm.,17.450069427,1.9984945059,0.5150749683,140.8421936,17.5,65000
1154.664,HORDALAND GP.,Utsira Fm.,17.583417892,1.9997426271,0.5303167701,140.04264832,17.5,65000
1154.816,HORDALAND GP.,Utsira Fm.,17.729328156,2.0031635761,0.5559940934,138.32185364,17.5,65000
1154.968,HORDALAND GP.,Utsira Fm.,17.7781353,2.0100643635,0.5711711049,137.88877869,17.5,65000
1155.12,HORDALAND GP.,Utsira Fm.,17.752145767,2.0161905289,0.5722689033,136.94816589,17.5,65000
1155.272,HORDALAND GP.,Utsira Fm.,17.666481018,2.0148370266,0.5671136975,136.90354919,17.5,65000
1155.424,HORDALAND GP.,Utsira Fm.,17.552442551,2.0072095394,0.5634818673,137.70210266,17.5,65000
1155.576,HORDALAND GP.,Utsira Fm.,17.505138397,2.0012276173,0.5684629083,138.62466431,17.5,65000
1155.728,HORDALAND GP.,Utsira Fm.,17.564464569,1.9992718697,0.5819736123,139.32185364,17.5,65000
1155.88,HORDALAND GP.,Utsira Fm.,17.589834213,2.001087904,0.5936542749,140.24638367,17.5,65000
1156.032,HORDALAND GP.,Utsira Fm.,17.522361755,2.0066096783,0.5944415331,140.7739563,17.5,65000
1156.184,HORDALAND GP.,Utsira Fm.,17.48887825,2.0126264095,0.5763410926,140.89862061,17.5,65000
1156.336,HORDALAND GP.,Utsira Fm.,17.5148983,2.0142726898,0.5486646891,140.90682983,17.5,65000
1156.488,HORDALAND GP.,Utsira Fm.,17.557287216,2.0089986324,0.5352442265,140.43110657,17.5,65000
1156.64,HORDALAND GP.,Utsira Fm.,17.611181259,2.003916502,0.5508722663,140.35137939,17.5,65000
1156.792,HORDALAND GP.,Utsira Fm.,17.681148529,2.0059154034,0.5765449405,141.50886536,17.5,65000
1156.944,HORDALAND GP.,Utsira Fm.,17.732570648,2.0101850033,0.5776934028,141.9271698,17.5,65000
1157.096,HORDALAND GP.,Utsira Fm.,17.717256546,2.011131525,0.5666915774,141.19488525,17.5,65000
1157.248,HORDALAND GP.,Utsira Fm.,17.701942444,2.0103855133,0.5747461915,142.0610199,17.5,65000
1157.4,HORDALAND GP.,Utsira Fm.,17.651172638,2.0096423626,0.585146904,141.58201599,17.5,65000
1157.552,HORDALAND GP.,Utsira Fm.,17.639661789,2.0088443756,0.5796928406,140.9153595,17.5,65000
1157.704,HORDALAND GP.,Utsira Fm.,17.733158112,2.0062265396,0.5750350356,141.46522522,17.5,65000
1157.856,HORDALAND GP.,Utsira Fm.,17.738126755,1.9976855516,0.6086909175,139.83988953,17.5,65000
1158.008,HORDALAND GP.,Utsira Fm.,17.571943283,1.9847589731,0.6714969277,139.01968384,17.5,65000
1158.16,HORDALAND GP.,Utsira Fm.,17.409730911,1.9761009216,0.6907389164,139.17338562,17.5,65000
1158.312,HORDALAND GP.,Utsira Fm.,17.409072876,1.9745415449,0.6630777121,139.4850769,17.5,65000
1158.464,HORDALAND GP.,Utsira Fm.,17.506591797,1.9803137779,0.6317222118,139.93701172,17.5,65000
1158.616,HORDALAND GP.,Utsira Fm.,17.545536041,1.994071722,0.6124973893,140.92651367,17.5,65000
1158.768,HORDALAND GP.,Utsira Fm.,17.502155304,2.0075218678,0.6114128828,140.57217407,17.5,65000
1158.92,HORDALAND GP.,Utsira Fm.,17.491970062,2.0133621693,0.614580214,141.01771545,17.5,65000
1159.072,HORDALAND GP.,Utsira Fm.,17.472776413,2.0099673271,0.6308999658,141.1771698,17.5,65000
1159.224,HORDALAND GP.,Utsira Fm.,17.406257629,2.0023610592,0.6471400261,141.53411865,17.5,65000
1159.376,HORDALAND GP.,Utsira Fm.,17.332830429,1.9937821627,0.6332134008,141.69979858,17.5,65030
1159.528,HORDALAND GP.,Utsira Fm.,17.305009842,1.9815971851,0.596888721,141.42420959,17.5,65030
1159.68,HORDALAND GP.,Utsira Fm.,17.408109665,1.9728289843,0.5788623691,141.65354919,17.5,65000
1159.832,HORDALAND GP.,Utsira Fm.,17.525823593,1.9785518646,0.5996234417,140.74803162,17.5,65000
1159.984,HORDALAND GP.,Utsira Fm.,17.549667358,1.9945453405,0.6209151149,138.87664795,17.5,65000
1160.136,HORDALAND GP.,Utsira Fm.,17.584733963,1.9962720871,0.6156114936,138.12072754,17.5,65000
1160.288,HORDALAND GP.,Utsira Fm.,17.662315369,1.9687099457,0.5811414123,139.20669556,17.5,65000
1160.44,HORDALAND GP.,Utsira Fm.,17.648685455,1.926004529,0.5502502918,140.95210266,17.5,65030
1160.592,HORDALAND GP.,Utsira Fm.,17.555011749,1.8995585442,0.5612719655,142.64108276,17.5,65030
1160.744,HORDALAND GP.,Utsira Fm.,17.484764099,1.9041610956,0.6031938791,143.44685364,17.5,65000
1160.896,HORDALAND GP.,Utsira Fm.,17.442779541,1.9208954573,0.634562254,140.82513428,17.5,65000
1161.048,HORDALAND GP.,Utsira Fm.,17.404268265,1.9306824207,0.618637383,139.34875488,17.5,65000
1161.2,HORDALAND GP.,Utsira Fm.,17.374113083,1.9306981564,0.5754922032,139.32972717,17.5,65000
1161.352,HORDALAND GP.,Utsira Fm.,17.486692429,1.9352049828,0.5552795529,141.16239929,17.5,65000
1161.504,HORDALAND GP.,Utsira Fm.,17.742191315,1.9541480541,0.5625408888,141.487854,17.5,65000
1161.656,HORDALAND GP.,Utsira Fm.,17.78768158,1.9796793461,0.5754181147,141.31594849,17.5,65000
1161.808,HORDALAND GP.,Utsira Fm.,17.632448196,1.9988619089,0.5827932954,140.50886536,17.5,65000
1161.96,HORDALAND GP.,Utsira Fm.,17.478469849,1.993522048,0.6001745462,138.2142334,17.5,65000
1162.112,HORDALAND GP.,Utsira Fm.,17.327020645,1.9669870138,0.6265237331,139.29823303,17.5,65000
1162.264,HORDALAND GP.,Utsira Fm.,17.312858582,1.9333364964,0.6272722483,141.26148987,17.5,65000
1162.416,HORDALAND GP.,Utsira Fm.,17.369873047,1.9094561338,0.5974327922,142.72966003,17.5,65000
1162.568,HORDALAND GP.,Utsira Fm.,17.473875046,1.9051105976,0.5723907948,142.41142273,17.5,65000
1162.72,HORDALAND GP.,Utsira Fm.,17.498195648,1.9204293489,0.566227138,141.22276306,17.5,65000
1162.872,HORDALAND GP.,Utsira Fm.,17.589265823,1.9463074207,0.5627199411,139.32907104,17.5,65000
1163.024,HORDALAND GP.,Utsira Fm.,17.618753433,1.9633306265,0.5617080331,138.72341919,17.5,65000
1163.176,HORDALAND GP.,Utsira Fm.,17.654949188,1.9624527693,0.6008163691,138.53707886,17.5,65000
1163.328,HORDALAND GP.,Utsira Fm.,17.676450729,1.950564146,0.6785876751,140.84022522,17.5,65000
1163.48,HORDALAND GP.,Utsira Fm.,17.564790726,1.9363796711,0.7331521511,142.16436768,17.5,65000
1163.632,HORDALAND GP.,Utsira Fm.,17.439357758,1.9322441816,0.7222406268,142.67454529,17.5,65000
1163.784,HORDALAND GP.,Utsira Fm.,17.50138855,1.93366611,0.6700745821,141.55052185,17.5,65000
1163.936,HORDALAND GP.,Utsira Fm.,17.63940239,1.9409236908,0.6335904598,142.41633606,17.5,65000
1164.088,HORDALAND GP.,Utsira Fm.,17.671367645,1.9499064684,0.6234493256,143.14468384,17.5,65000
1164.24,HORDALAND GP.,Utsira Fm.,17.686639786,1.9529542923,0.606261611,143.52493286,17.5,65000
1164.392,HORDALAND GP.,Utsira Fm.,17.799432755,1.950830698,0.576990962,143.94094849,17.5,65000
1164.544,HORDALAND GP.,Utsira Fm.,17.792552948,1.941509366,0.5470405221,142.67749023,17.5,65000
1164.696,HORDALAND GP.,Utsira Fm.,17.694555283,1.9323114157,0.5281368494,141.16174316,17.5,65000
1164.848,HORDALAND GP.,Utsira Fm.,17.804920197,1.9330482483,0.526928544,141.99015808,17.5,65000
1165.0,HORDALAND GP.,Utsira Fm.,17.937206268,1.9399092197,0.5418675542,141.80052185,17.5,65000
1165.152,HORDALAND GP.,Utsira Fm.,17.941215515,1.9506587982,0.5556722283,143.11219788,17.5,65000
1165.304,HORDALAND GP.,Utsira Fm.,17.945224762,1.9585329294,0.5565824509,142.71063232,17.5,65000
1165.456,HORDALAND GP.,Utsira Fm.,17.876155853,1.9654070139,0.548558414,141.46029663,17.5,65000
1165.608,HORDALAND GP.,Utsira Fm.,17.694993973,1.9703915119,0.5416576266,140.09710693,17.5,65000
1165.76,HORDALAND GP.,Utsira Fm.,17.632484436,1.9732151031,0.5407671332,139.03739929,17.5,65000
1165.912,HORDALAND GP.,Utsira Fm.,17.59069252,1.9788330793,0.5510933399,137.98950195,17.5,65000
1166.064,HORDALAND GP.,Utsira Fm.,17.575361252,1.9874145985,0.5816820264,137.49310303,17.5,65000
1166.216,HORDALAND GP.,Utsira Fm.,17.663597107,1.9903377295,0.6049998999,137.11909485,17.5,65000
1166.368,HORDALAND GP.,Utsira Fm.,17.742387772,1.9813294411,0.6045401692,136.77133179,17.5,65000
1166.52,HORDALAND GP.,Utsira Fm.,17.638910294,1.9702315331,0.5896260738,138.38287354,17.5,65000
1166.672,HORDALAND GP.,Utsira Fm.,17.524534225,1.9738475084,0.5742070079,139.13583374,17.5,65000
1166.824,HORDALAND GP.,Utsira Fm.,17.526136398,1.9824109077,0.5667417645,140.50787354,17.5,65000
1166.976,HORDALAND GP.,Utsira Fm.,17.520259857,1.9822297096,0.5671591163,142.00262451,17.5,65000
1167.128,HORDALAND GP.,Utsira Fm.,17.606718063,1.9820744991,0.5870789886,143.0,17.5,65000
1167.28,HORDALAND GP.,Utsira Fm.,17.738142014,1.9915400743,0.6138866544,143.37400818,17.5,65000
1167.432,HORDALAND GP.,Utsira Fm.,17.770145416,2.0092411041,0.6165867448,143.74803162,17.5,65000
1167.584,HORDALAND GP.,Utsira Fm.,17.731868744,2.0117032528,0.5996180177,142.75787354,17.5,65000
1167.736,HORDALAND GP.,Utsira Fm.,17.753797531,2.0059597492,0.5914415717,141.76049805,17.5,65000
1167.888,HORDALAND GP.,Utsira Fm.,17.827362061,2.0042388439,0.6169708371,140.39305115,17.5,65000
1168.04,HORDALAND GP.,Utsira Fm.,17.802804947,2.0093898773,0.6529007554,138.16043091,17.5,65000
1168.192,HORDALAND GP.,Utsira Fm.,17.653465271,2.0134131908,0.6478059292,136.16174316,17.5,65000
1168.344,HORDALAND GP.,Utsira Fm.,17.534988403,2.0047111511,0.5874267817,138.45013428,17.5,65030
1168.496,HORDALAND GP.,Utsira Fm.,17.408748627,1.9923685789,0.5235689282,140.94094849,17.5,65030
1168.648,HORDALAND GP.,Utsira Fm.,17.348819733,1.9905287027,0.523080945,141.12171936,17.5,65030
1168.8,HORDALAND GP.,Utsira Fm.,17.418560028,2.0006742477,0.584444046,141.73194885,17.5,65000
1168.952,HORDALAND GP.,Utsira Fm.,17.460887909,2.0069470406,0.6382886767,140.78149414,17.5,65000
1169.104,HORDALAND GP.,Utsira Fm.,17.529714584,2.0032217503,0.6399722695,139.78411865,17.5,65030
1169.256,HORDALAND GP.,Utsira Fm.,17.599365234,1.994954586,0.601947248,140.05101013,17.5,65030
1169.408,HORDALAND GP.,Utsira Fm.,17.632246017,1.9867856503,0.5705868006,140.36270142,17.5,65030
1169.56,HORDALAND GP.,Utsira Fm.,17.634716034,1.9760919809,0.563111186,140.97375488,17.5,65030
1169.712,HORDALAND GP.,Utsira Fm.,17.591215134,1.9701225758,0.5732287169,141.9553833,17.5,65000
1169.864,HORDALAND GP.,Utsira Fm.,17.511901855,1.963939786,0.5740212798,142.71456909,17.5,65000
1170.016,HORDALAND GP.,Utsira Fm.,17.48541069,1.9658972025,0.5581429601,142.27493286,17.5,65000
1170.168,HORDALAND GP.,Utsira Fm.,17.559158325,1.9714455605,0.5413585901,141.77624512,17.5,65000
1170.32,HORDALAND GP.,Utsira Fm.,17.615711212,1.9776155949,0.5415642858,139.86022949,17.5,65000
1170.472,HORDALAND GP.,Utsira Fm.,17.661527634,1.9849126339,0.5687981248,139.98556519,17.5,65000
1170.624,HORDALAND GP.,Utsira Fm.,17.698184967,1.9890884161,0.5913785696,141.05708313,17.5,65000
1170.776,HORDALAND GP.,Utsira Fm.,17.715337753,1.9950699806,0.5929694176,139.13386536,17.5,65000
1170.928,HORDALAND GP.,Utsira Fm.,17.742609024,1.9957777262,0.5743917227,139.4671936,17.5,65000
1171.08,HORDALAND GP.,Utsira Fm.,17.838853836,1.9898070097,0.5473449826,139.38352966,17.5,65000
1171.232,HORDALAND GP.,Utsira Fm.,17.92080307,1.9799797535,0.5365240574,139.14271545,17.5,65000
1171.384,HORDALAND GP.,Utsira Fm.,17.838794708,1.9915982485,0.5467615724,142.13615417,17.5,65000
1171.536,HORDALAND GP.,Utsira Fm.,17.696937561,2.000556469,0.5528527498,143.06791687,17.5,65000
1171.688,HORDALAND GP.,Utsira Fm.,17.653308868,2.0054516792,0.5430209637,141.62796021,17.5,65000
1171.84,HORDALAND GP.,Utsira Fm.,17.631658554,2.0016658306,0.5398339033,142.41864014,17.5,65000
1171.992,HORDALAND GP.,Utsira Fm.,17.72836113,2.0062158108,0.5670070648,140.89698792,17.5,65000
1172.144,HORDALAND GP.,Utsira Fm.,17.828104019,2.0091938972,0.6027430892,140.97834778,17.5,65000
1172.296,HORDALAND GP.,Utsira Fm.,17.766931534,2.0057549477,0.62367028,140.77230835,17.5,65000
1172.448,HORDALAND GP.,Utsira Fm.,17.70353508,1.9962795973,0.6410327554,141.31758118,17.5,65000
1172.6,HORDALAND GP.,Utsira Fm.,17.627613068,1.989566803,0.6454413533,142.84645081,17.5,65030
1172.752,HORDALAND GP.,Utsira Fm.,17.609619141,1.9939284325,0.6367449164,142.887146,17.5,65030
1172.904,HORDALAND GP.,Utsira Fm.,17.573503494,1.9992666245,0.6334698796,142.76246643,17.5,65030
1173.056,HORDALAND GP.,Utsira Fm.,17.46688652,1.997469902,0.6423413754,141.17913818,17.5,65000
1173.208,HORDALAND GP.,Utsira Fm.,17.420948029,1.9905741215,0.6422989964,140.55249023,17.5,65000
1173.36,HORDALAND GP.,Utsira Fm.,17.440713882,1.9883829355,0.6210753918,139.83070374,17.5,65000
1173.512,HORDALAND GP.,Utsira Fm.,17.415998459,1.9983706474,0.5948137641,141.30708313,17.5,65000
1173.664,HORDALAND GP.,Utsira Fm.,17.39720726,2.0035130978,0.5909848213,139.94750977,17.5,65000
1173.816,HORDALAND GP.,Utsira Fm.,17.440755844,1.982665658,0.6048293114,143.06692505,17.5,65000
1173.968,HORDALAND GP.,Utsira Fm.,17.570953369,1.9511073828,0.6164730787,147.79920959,17.5,65000
1174.12,HORDALAND GP.,Utsira Fm.,17.903718948,1.945394516,0.6262045503,148.15518188,17.5,65000
1174.272,HORDALAND GP.,Utsira Fm.,17.982841492,1.9658870697,0.6188830137,147.24835205,17.5,65000
1174.424,HORDALAND GP.,Utsira Fm.,17.612052917,1.9882124662,0.5978527665,143.84744263,17.5,65000
1174.576,HORDALAND GP.,Utsira Fm.,17.469009399,1.986995697,0.5777866244,138.25558472,17.5,65000
1174.728,HORDALAND GP.,Utsira Fm.,17.438425064,1.9848231077,0.5737480521,138.36875916,17.5,65000
1174.88,HORDALAND GP.,Utsira Fm.,17.475938797,1.9818733931,0.5801873803,140.6653595,17.5,65000
1175.032,HORDALAND GP.,Utsira Fm.,17.620796204,1.980476737,0.5704689026,141.32382202,17.5,65000
1175.184,HORDALAND GP.,Utsira Fm.,17.789499283,1.9805021286,0.557974577,141.91305542,17.5,65000
1175.336,HORDALAND GP.,Utsira Fm.,17.921674728,1.9818496704,0.5569451451,141.78543091,17.5,65000
1175.488,HORDALAND GP.,Utsira Fm.,17.953500748,1.9827817678,0.5715308189,141.10826111,17.5,65000
1175.64,HORDALAND GP.,Utsira Fm.,17.939577103,1.9824424982,0.5993304253,140.78674316,17.5,65000
1175.792,HORDALAND GP.,Utsira Fm.,17.992986679,1.9805272818,0.6077148914,140.96260071,17.5,65000
1175.944,HORDALAND GP.,Utsira Fm.,18.102005005,1.9787729979,0.5821946859,141.84776306,17.5,65000
1176.096,HORDALAND GP.,Utsira Fm.,18.023694992,1.9789807796,0.5305269361,142.63386536,17.5,65000
1176.248,HORDALAND GP.,Utsira Fm.,17.727678299,1.9772937298,0.5190070271,142.11810303,17.5,65000
1176.4,HORDALAND GP.,Utsira Fm.,17.729856491,1.9760278463,0.5669416189,143.15486145,17.5,65000
1176.552,HORDALAND GP.,Utsira Fm.,17.85764122,1.9773763418,0.5968857408,143.6889801,17.5,65000
1176.704,HORDALAND GP.,Utsira Fm.,17.967906952,1.9759714603,0.6211728454,142.60235596,17.5,65000
1176.856,HORDALAND GP.,Utsira Fm.,18.223621368,1.9775283337,0.6348702312,143.83103943,17.5,65000
1177.008,HORDALAND GP.,Utsira Fm.,18.435203552,1.9804583788,0.6451522112,142.77723694,17.5,65000
1177.16,HORDALAND GP.,Utsira Fm.,18.175073624,1.9833536148,0.6159176826,141.67323303,17.5,65000
1177.312,HORDALAND GP.,Utsira Fm.,18.247526169,1.9825347662,0.5700992346,140.36679077,17.5,65000
1177.464,HORDALAND GP.,Utsira Fm.,18.381122589,1.9770054817,0.5422269106,140.84382629,17.5,65000
1177.616,HORDALAND GP.,Utsira Fm.,18.143936157,1.9692893028,0.5564922094,143.25196838,17.5,65000
1177.768,HORDALAND GP.,Utsira Fm.,18.03818512,1.9623318911,0.5896912813,146.40289307,17.5,65000
1177.92,HORDALAND GP.,Utsira Fm.,17.920425415,1.9592157602,0.5859531164,149.23753357,17.5,65000
1178.072,HORDALAND GP.,Utsira Fm.,17.658384323,1.9651846886,0.5589943528,150.5610199,17.5,65000
1178.224,HORDALAND GP.,Utsira Fm.,17.60484314,1.9792453051,0.5596945882,147.71850586,17.5,65000
1178.376,HORDALAND GP.,Utsira Fm.,17.678976059,1.9946424961,0.5906602144,141.76246643,17.5,65000
1178.528,HORDALAND GP.,Utsira Fm.,17.721200943,1.9982079268,0.606672585,136.18307495,17.5,65000
1178.68,HORDALAND GP.,Utsira Fm.,17.877815247,1.9905139208,0.5991535783,135.42520142,17.5,65000
1178.832,HORDALAND GP.,Utsira Fm.,17.91160965,1.9834545851,0.575124681,138.39239502,17.5,65000
1178.984,HORDALAND GP.,Utsira Fm.,18.194063187,1.9801185131,0.5565317273,140.91436768,17.5,65000
1179.136,HORDALAND GP.,Utsira Fm.,18.706111908,1.9776281118,0.5481538773,141.96948242,17.5,65000
1179.288,HORDALAND GP.,Utsira Fm.,18.626930237,1.9752271175,0.5476121902,178.76245117,17.5,65000
1179.44,HORDALAND GP.,Utsira Fm.,18.261556625,1.9728528261,0.5358466506,189.68110657,17.5,65000
1179.592,HORDALAND GP.,Utsira Fm.,18.267930984,1.9721027613,0.5222274065,188.43045044,17.5,65000
1179.744,HORDALAND GP.,Utsira Fm.,18.297849655,1.9721000195,0.5227318406,195.43045044,17.5,65000
1179.896,HORDALAND GP.,Utsira Fm.,17.89781189,1.9721000195,0.5248165727,204.51574707,17.5,65000
1180.048,HORDALAND GP.,Utsira Fm.,17.806632996,1.9721000195,0.5192884207,202.32414246,17.5,65000
1180.2,HORDALAND GP.,Utsira Fm.,17.726203918,1.9721000195,0.5388295054,200.25393677,17.5,65000
1180.352,HORDALAND GP.,Utsira Fm.,17.741441727,1.9721000195,0.5758737326,205.20866394,17.5,65000
1180.504,HORDALAND GP.,Utsira Fm.,18.011894226,1.9721000195,0.5864677429,203.96226501,17.5,65000
1180.656,HORDALAND GP.,Utsira Fm.,18.385938644,1.9721000195,0.5964669585,199.77198792,17.5,65000
1180.808,HORDALAND GP.,Utsira Fm.,18.294343948,1.9721000195,0.5988298059,193.97637939,17.5,65000
1180.96,HORDALAND GP.,Utsira Fm.,18.072763443,1.9721000195,0.6081727743,193.26113892,17.5,65000
1181.112,HORDALAND GP.,Utsira Fm.,18.04517746,1.9721000195,0.5887066126,192.36219788,17.5,65000
1181.264,HORDALAND GP.,Utsira Fm.,17.984636307,1.9721000195,0.5496632457,194.36219788,17.5,65000
1181.416,HORDALAND GP.,Utsira Fm.,18.227247238,1.9721000195,0.5413509011,189.0045929,17.5,65000
1181.568,HORDALAND GP.,Utsira Fm.,18.447595596,1.9721000195,0.555468142,187.37533569,17.5,65000
1181.72,HORDALAND GP.,Utsira Fm.,18.061683655,1.9721000195,0.5867133737,187.35974121,17.5,65000
1181.872,HORDALAND GP.,Utsira Fm.,17.703584671,1.9721000195,0.6051289439,187.17272949,17.5,65000
1182.024,HORDALAND GP.,Utsira Fm.,17.993814468,1.9721000195,0.6004726887,185.91798401,17.5,65000
1182.176,HORDALAND GP.,Utsira Fm.,18.544052124,1.9721000195,0.5839495063,186.05511475,17.5,65000
1182.328,HORDALAND GP.,Utsira Fm.,18.952547073,1.9721000195,0.5672092438,186.80314636,17.5,65000
1182.48,HORDALAND GP.,Utsira Fm.,18.451972961,1.9721000195,0.5693209767,187.73490906,17.5,65000
1182.632,HORDALAND GP.,Utsira Fm.,17.779598236,1.9721000195,0.5703476071,188.73228455,17.5,65000
1182.784,HORDALAND GP.,Utsira Fm.,18.037439346,1.9721000195,0.5743381381,189.54724121,17.5,65000
1182.936,HORDALAND GP.,Utsira Fm.,18.469251633,1.9721000195,0.5696333051,189.5682373,17.5,65000
1183.088,HORDALAND GP.,Utsira Fm.,18.324626923,1.9721000195,0.564186275,189.86219788,17.5,65000
1183.24,HORDALAND GP.,Utsira Fm.,18.20240593,1.9721000195,0.5753500462,190.27067566,17.5,65000
1183.392,HORDALAND GP.,Utsira Fm.,18.364343643,1.9721000195,0.5953874588,190.64468384,17.5,65000
1183.544,HORDALAND GP.,Utsira Fm.,18.102577209,1.9721000195,0.5912598372,191.01870728,17.5,65000
1183.696,HORDALAND GP.,Utsira Fm.,17.756166458,1.9721000195,0.5758957267,190.99113464,17.5,65000
1183.848,HORDALAND GP.,Utsira Fm.,17.890388489,1.9721000195,0.5716132522,190.80413818,17.5,65000
1184.0,HORDALAND GP.,Utsira Fm.,18.128721237,1.9721000195,0.5849835277,190.21850586,17.5,65000
1184.152,HORDALAND GP.,Utsira Fm.,18.005559921,1.9721000195,0.5880078673,190.02941895,17.5,65000
1184.304,HORDALAND GP.,Utsira Fm.,17.885215759,1.9721000195,0.5620319843,190.07096863,17.5,65000
1184.456,HORDALAND GP.,Utsira Fm.,17.96440506,1.9721000195,0.5337074995,190.11253357,17.5,65000
1184.608,HORDALAND GP.,Utsira Fm.,18.067378998,1.9721000195,0.5184343457,190.29954529,17.5,65000
1184.76,HORDALAND GP.,Utsira Fm.,18.241348267,1.9721000195,0.5139144063,189.41864014,17.5,65000
1184.912,HORDALAND GP.,Utsira Fm.,18.490646362,1.9721000195,0.5138111711,188.56692505,17.5,65000
1185.064,HORDALAND GP.,Utsira Fm.,18.446092606,1.9721974134,0.5143275857,188.11613464,17.5,65000
1185.216,HORDALAND GP.,Utsira Fm.,18.841934204,1.9722970724,0.5139606595,187.39830017,17.5,65000
1185.368,HORDALAND GP.,Utsira Fm.,18.821691513,1.9723968506,0.5022839308,186.43995667,17.5,65000
1185.52,HORDALAND GP.,Utsira Fm.,18.788511276,1.9724965096,0.515825808,186.38090515,17.5,65000
1185.672,HORDALAND GP.,Utsira Fm.,18.755329132,1.9725962877,0.5646921992,180.38189697,17.5,65000
1185.824,HORDALAND GP.,Utsira Fm.,18.722146988,1.9726960659,0.6173174977,176.99212646,17.5,65000
1185.976,HORDALAND GP.,Utsira Fm.,18.2390728,1.9727958441,0.6279117465,178.77362061,17.5,65000
1186.128,HORDALAND GP.,Utsira Fm.,18.235954285,1.972895503,0.6015844345,182.6056366,17.5,65000
1186.28,HORDALAND GP.,Utsira Fm.,17.998456955,1.9729952812,0.5754256845,185.33857727,17.5,65000
1186.432,HORDALAND GP.,Utsira Fm.,18.000812531,1.9730949402,0.5740180016,186.08332825,17.5,65000
1186.584,HORDALAND GP.,Utsira Fm.,18.517320633,1.9731947184,0.585329175,186.70603943,17.5,65000
1186.736,HORDALAND GP.,Utsira Fm.,18.655086517,1.9732943773,0.6067234278,179.55905151,17.5,65000
1186.888,HORDALAND GP.,Utsira Fm.,17.889356613,1.9733941555,0.6133764982,174.02067566,17.5,65000
1187.04,HORDALAND GP.,Utsira Fm.,17.563142776,1.9734939337,0.5994347334,172.22276306,17.5,65000
1187.192,HORDALAND GP.,Utsira Fm.,17.640993118,1.9735937119,0.5569028854,170.44291687,17.5,65000
1187.344,HORDALAND GP.,Utsira Fm.,18.131837845,1.97369349,0.5171729922,168.36679077,17.5,65000
1187.496,HORDALAND GP.,Utsira Fm.,18.946699142,1.9737930298,0.5144326091,166.24737549,17.5,65000
1187.648,HORDALAND GP.,Utsira Fm.,18.899709702,1.973892808,0.5152335763,170.82678223,17.5,65000
1187.8,HORDALAND GP.,Utsira Fm.,17.98849678,1.9739925861,0.4964767396,171.17782593,17.5,65000
1187.952,HORDALAND GP.,Utsira Fm.,17.904821396,1.974183917,0.4593703747,168.46916199,17.5,65000
1188.104,HORDALAND GP.,Utsira Fm.,18.498500824,1.9742920399,0.4626722932,169.66339111,17.5,65000
1188.256,HORDALAND GP.,Utsira Fm.,18.638647079,1.9743919373,0.5206538439,163.92192078,17.5,65000
1188.408,HORDALAND GP.,Utsira Fm.,18.051593781,1.974491477,0.5711106658,160.86975098,17.5,65000
1188.56,HORDALAND GP.,Utsira Fm.,17.67326355,1.9745912552,0.5872529149,162.24113464,17.5,65000
1188.712,HORDALAND GP.,Utsira Fm.,17.645801544,1.9746910334,0.5631957054,165.41601563,17.5,65000
1188.864,HORDALAND GP.,Utsira Fm.,17.774242401,1.9747908115,0.5362557173,169.9671936,17.5,65000
1189.016,HORDALAND GP.,Utsira Fm.,17.876543045,1.9748905897,0.5308191776,173.77165222,17.5,65000
1189.168,HORDALAND GP.,Utsira Fm.,17.793539047,1.9749902487,0.5476064682,175.23228455,17.5,65000
1189.32,HORDALAND GP.,Utsira Fm.,17.76342392,1.9750900269,0.5848920345,175.76048279,17.5,65000
1189.472,HORDALAND GP.,Utsira Fm.,17.729625702,1.975189805,0.6025586724,175.84645081,17.5,65000
1189.624,HORDALAND GP.,Utsira Fm.,17.766441345,1.975289464,0.5825133324,177.35531616,17.5,65000
1189.776,HORDALAND GP.,Utsira Fm.,17.856206894,1.975389123,0.5486393571,181.64797974,17.5,65000
1189.928,HORDALAND GP.,Utsira Fm.,18.22168541,1.9754889011,0.5232713223,185.41732788,17.5,65000
1190.08,HORDALAND GP.,Utsira Fm.,18.430980682,1.9755886793,0.5169708729,186.04724121,17.5,65000
1190.232,HORDALAND GP.,Utsira Fm.,18.13858223,1.9756884575,0.512828052,186.95210266,17.5,65000
1190.384,HORDALAND GP.,Utsira Fm.,18.068492889,1.9757881165,0.5171318054,187.97441101,17.5,65000
1190.536,HORDALAND GP.,Utsira Fm.,17.946969986,1.9758878946,0.5186650753,187.52920532,17.5,65000
1190.688,HORDALAND GP.,Utsira Fm.,17.516677856,1.9759875536,0.5217917562,187.86647034,17.5,65000
1190.84,HORDALAND GP.,Utsira Fm.,16.845352173,1.9760873318,0.5156951547,186.97242737,17.5,65000
1190.992,HORDALAND GP.,Utsira Fm.,15.797259331,1.9761871099,0.4974591136,184.4566803,17.5,65000
1191.144,HORDALAND GP.,Utsira Fm.,14.471182823,1.9762868881,0.4900633097,181.83857727,17.5,65000
1191.296,HORDALAND GP.,Utsira Fm.,13.240539551,1.9763866663,0.5146936774,180.8956604,17.5,65000
1191.448,HORDALAND GP.,Utsira Fm.,12.590996742,1.9764863253,0.5578582287,182.16009521,17.5,65000
1191.6,HORDALAND GP.,Utsira Fm.,14.978137016,1.9765861034,0.5705843568,183.64961243,17.5,65000
1191.752,HORDALAND GP.,Utsira Fm.,18.56669426,1.9766857624,0.5585554242,182.40058899,17.5,65000
1191.904,HORDALAND GP.,Utsira Fm.,19.229940414,1.9767855406,0.5490717292,179.55151367,13.009029388,65000
1192.056,HORDALAND GP.,Utsira Fm.,18.798294067,1.9768851995,0.5488421917,177.66305542,12.250000954,65000
1192.208,HORDALAND GP.,Utsira Fm.,18.031770706,1.9769849777,0.5472250581,176.20373535,12.250000954,65000
1192.36,HORDALAND GP.,Utsira Fm.,17.461105347,1.97716856,0.5350130796,175.85269165,12.250000954,65000
1192.512,HORDALAND GP.,Utsira Fm.,17.088417053,1.9772843122,0.5328279734,176.61647034,12.250000954,65000
1192.664,HORDALAND GP.,Utsira Fm.,16.541070938,1.9773840904,0.5435460806,174.20472717,12.250000954,65000
1192.816,HORDALAND GP.,Utsira Fm.,15.823318481,1.9774838686,0.5662858486,169.98294067,12.250000954,65000
1192.968,HORDALAND GP.,Utsira Fm.,15.173259735,1.9775836468,0.5872045755,166.50590515,12.250000954,65000
1193.12,HORDALAND GP.,Utsira Fm.,14.355903625,1.9776834249,0.5987668633,160.79724121,12.250000954,65000
1193.272,HORDALAND GP.,Utsira Fm.,13.709400177,1.9777832031,0.5977417827,152.78083801,12.250000954,65000
1193.424,HORDALAND GP.,Utsira Fm.,13.418048859,1.9778829813,0.579074502,147.63517761,12.250000954,65000
1193.576,HORDALAND GP.,Utsira Fm.,13.365010262,1.9779827595,0.5491154194,146.09251404,12.250000954,65000
1193.728,HORDALAND GP.,Utsira Fm.,13.360407829,1.9780822992,0.5250442028,146.62861633,12.250000954,65000
1193.88,HORDALAND GP.,Utsira Fm.,13.386191368,1.9781820774,0.5175442696,148.31660461,12.250000954,65000
1194.032,HORDALAND GP.,Utsira Fm.,13.514823914,1.9782818556,0.5306211114,147.65255737,12.250000954,65000
1194.184,HORDALAND GP.,Utsira Fm.,13.494326591,1.9783816338,0.5467572212,147.24081421,12.250000954,65000
1194.336,HORDALAND GP.,Utsira Fm.,13.199791908,1.9784812927,0.5581341982,146.07807922,12.250000954,65000
1194.488,HORDALAND GP.,Utsira Fm.,13.0119133,1.9785810709,0.5581678152,143.71554565,12.250000954,65000
1194.64,HORDALAND GP.,Utsira Fm.,12.903729439,1.9786808491,0.556897819,143.64993286,12.250000954,65000
1194.792,HORDALAND GP.,Utsira Fm.,12.853713989,1.9787806273,0.5462960601,143.73326111,12.250000954,65000
1194.944,HORDALAND GP.,Utsira Fm.,12.828819275,1.9784003496,0.5318149924,142.85531616,12.250000954,65000
1195.096,HORDALAND GP.,Utsira Fm.,12.804875374,1.9755907059,0.52750808,142.8274231,12.250000954,65000
1195.248,HORDALAND GP.,Utsira Fm.,12.846613884,1.9729161263,0.5200858712,143.70013428,12.250000954,65000
1195.4,HORDALAND GP.,Utsira Fm.,12.888781548,1.9712145329,0.5035122633,144.5728302,12.250000954,65000
1195.552,HORDALAND GP.,Utsira Fm.,12.874445915,1.9698749781,0.4923603833,145.2545929,12.250000954,65000
1195.704,HORDALAND GP.,Utsira Fm.,12.83242321,1.9695219994,0.5020939708,145.81660461,12.250000954,65000
1195.856,HORDALAND GP.,Utsira Fm.,12.818811417,1.9680099487,0.5208089352,145.9360199,12.250000954,65000
1196.008,HORDALAND GP.,Utsira Fm.,12.840005875,1.968382597,0.5369660258,146.43930054,12.250000954,65000
1196.16,HORDALAND GP.,Utsira Fm.,12.881124496,1.9701565504,0.5374601483,146.75099182,12.250000954,65000
1196.312,HORDALAND GP.,Utsira Fm.,12.862863541,1.9696674347,0.5378412604,145.75492859,12.250000954,65000
1196.464,HORDALAND GP.,Utsira Fm.,12.813296318,1.9727269411,0.548404634,145.92683411,12.250000954,65000
1196.616,HORDALAND GP.,Utsira Fm.,12.838624001,1.973850131,0.5557463169,145.27755737,12.250000954,65000
1196.768,HORDALAND GP.,Utsira Fm.,12.881713867,1.971825242,0.539229393,143.93307495,12.250000954,65000
1196.92,HORDALAND GP.,Utsira Fm.,12.874120712,1.9715850353,0.513102591,144.91404724,12.250000954,65000
1197.072,HORDALAND GP.,Utsira Fm.,12.851727486,1.9723104239,0.5026669502,145.44816589,12.250000954,65000
1197.224,HORDALAND GP.,Utsira Fm.,12.83429718,1.9456418753,0.4935297072,144.82479858,12.250000954,65000
1197.376,HORDALAND GP.,Utsira Fm.,12.807346344,1.957936883,0.4862145185,145.21653748,12.250000954,65000
1197.528,HORDALAND GP.,Utsira Fm.,12.797221184,1.9744470119,0.4788453877,145.52493286,12.250000954,65000
1197.68,HORDALAND GP.,Utsira Fm.,12.824261665,1.9806246758,0.4864737093,146.41732788,12.250000954,65000
1197.832,HORDALAND GP.,Utsira Fm.,12.900848389,1.9758192301,0.5012673736,147.41273499,12.250000954,65000
1197.984,HORDALAND GP.,Utsira Fm.,12.999145508,1.9764503241,0.5000546575,145.99081421,12.250000954,65000
1198.136,HORDALAND GP.,Utsira Fm.,13.105269432,1.9727525711,0.49595052,145.70570374,12.250000954,65000
1198.288,HORDALAND GP.,Utsira Fm.,13.171587944,1.974473238,0.5027084947,146.25952148,12.250000954,65000
1198.44,HORDALAND GP.,Utsira Fm.,13.168800354,1.9705661535,0.5246096849,144.91929626,12.250000954,65000
1198.592,HORDALAND GP.,Utsira Fm.,13.147007942,1.9673327208,0.536110878,143.44291687,12.250000954,65000
1198.744,HORDALAND GP.,Utsira Fm.,13.129552841,1.9720159769,0.535775125,143.09120178,12.250000954,65000
1198.896,HORDALAND GP.,Utsira Fm.,13.117981911,1.970818162,0.5273131728,143.03215027,12.250000954,65000
1199.048,HORDALAND GP.,Utsira Fm.,13.101709366,1.9675154686,0.5122864842,143.26280212,12.250000954,65000
1199.2,HORDALAND GP.,Utsira Fm.,13.128867149,1.9579855204,0.4861355126,143.29232788,12.250000954,65000
1199.352,HORDALAND GP.,Utsira Fm.,13.170084,1.9580452442,0.4648860395,143.16732788,12.250000954,65000
1199.504,HORDALAND GP.,Utsira Fm.,13.147497177,1.9525873661,0.4754717052,143.02558899,12.250000954,65000
1199.656,HORDALAND GP.,Utsira Fm.,13.127370834,1.9375048876,0.5324434042,143.81332397,12.250000954,65000
1199.808,HORDALAND GP.,Utsira Fm.,13.138368607,1.9264645576,0.5887403488,143.50361633,12.250000954,65000
1199.96,HORDALAND GP.,Utsira Fm.,13.139269829,1.9332141876,0.5944740772,143.13287354,12.250000954,65000
1200.112,HORDALAND GP.,Utsira Fm.,13.167376518,1.9584867954,0.5661998987,142.56463623,12.250000954,65000
1200.264,HORDALAND GP.,Utsira Fm.,13.213935852,1.9599670172,0.5394092798,140.92782593,12.250000954,65000
1200.416,HORDALAND GP.,Utsira Fm.,13.28796196,1.9419894218,0.5236953497,142.88189697,12.250000954,65000
1200.568,HORDALAND GP.,Utsira Fm.,13.378990173,1.9177345037,0.5056849122,145.1725769,12.250000954,65000
1200.72,HORDALAND GP.,Utsira Fm.,13.404067993,1.9112536907,0.4980776608,146.48490906,12.250000954,65000
1200.872,HORDALAND GP.,Utsira Fm.,13.377766609,1.9177670479,0.4974453747,147.34350586,12.250000954,65000
1201.024,HORDALAND GP.,Utsira Fm.,13.384658813,1.9244217873,0.4961093366,146.14009094,12.250000954,65000
1201.176,HORDALAND GP.,Utsira Fm.,13.409617424,1.938796401,0.4916028678,144.02886963,12.250000954,65000
1201.328,HORDALAND GP.,Utsira Fm.,13.424435616,1.9560374022,0.4860571325,143.87007141,12.250000954,65000
1201.48,HORDALAND GP.,Utsira Fm.,13.4559412,1.9689743519,0.4850589633,146.75230408,12.250000954,65000
1201.632,HORDALAND GP.,Utsira Fm.,13.454024315,1.9598165751,0.4896599948,150.74179077,12.250000954,65000
1201.784,HORDALAND GP.,Utsira Fm.,13.445958138,1.9354081154,0.4895463884,152.5728302,12.250000954,65000
1201.936,HORDALAND GP.,Utsira Fm.,13.459522247,1.9191280603,0.4829419255,152.24868774,12.250000954,65000
1202.088,HORDALAND GP.,Utsira Fm.,13.524435043,1.925868988,0.4911480844,151.86056519,12.250000954,65000
1202.24,HORDALAND GP.,Utsira Fm.,13.634339333,1.9450031519,0.5165745616,148.79626465,12.250000954,65000
1202.392,HORDALAND GP.,Utsira Fm.,13.671954155,1.960060358,0.5427642465,147.67880249,12.250000954,65000
1202.544,HORDALAND GP.,Utsira Fm.,13.66274929,1.9608715773,0.5455878377,149.22210693,12.250000954,65000
1202.696,HORDALAND GP.,Utsira Fm.,13.674071312,1.9529122114,0.5317873359,147.97637939,12.250000954,65000
1202.848,HORDALAND GP.,Utsira Fm.,13.59876442,1.9448037148,0.5407814384,145.46260071,12.250000954,65000
1203.0,HORDALAND GP.,Utsira Fm.,13.508014679,1.945022583,0.5497789979,144.52427673,12.250000954,65000
1203.152,HORDALAND GP.,Utsira Fm.,13.492486,1.9595652819,0.5445588231,142.47441101,12.250000954,65000
1203.304,HORDALAND GP.,Utsira Fm.,13.547854424,1.9803436995,0.5394877791,140.65649414,12.250000954,65000
1203.456,HORDALAND GP.,Utsira Fm.,13.618406296,1.9936782122,0.5420079231,141.49769592,12.250000954,65000
1203.608,HORDALAND GP.,Utsira Fm.,13.65040493,1.9955848455,0.5366794467,142.44882202,12.250000954,65000
1203.76,HORDALAND GP.,Utsira Fm.,13.602431297,1.9903672934,0.5193778872,142.40289307,12.250000954,65000
1203.912,HORDALAND GP.,Utsira Fm.,13.494604111,1.9765503407,0.5011143088,141.2381897,12.250000954,65000
1204.064,HORDALAND GP.,Utsira Fm.,13.397969246,1.9617151022,0.4942710102,140.81889343,12.250000954,65000
1204.216,HORDALAND GP.,Utsira Fm.,13.314504623,1.9573692083,0.5062607527,141.17420959,12.250000954,65000
1204.368,HORDALAND GP.,Utsira Fm.,13.256827354,1.9706661701,0.5289781094,143.13352966,12.250000954,65000
1204.52,HORDALAND GP.,Utsira Fm.,13.236593246,1.9913365841,0.5408408642,145.78445435,12.250000954,65000
1204.672,HORDALAND GP.,Utsira Fm.,13.223608017,2.0052876472,0.5242798328,148.34481812,12.250000954,65000
1204.824,HORDALAND GP.,Utsira Fm.,13.184770584,2.0052058697,0.4988150299,147.83366394,12.250000954,65000
1204.976,HORDALAND GP.,Utsira Fm.,13.122163773,2.0005018711,0.4900870025,145.21554565,12.250000954,65000
1205.128,HORDALAND GP.,Utsira Fm.,13.049208641,1.9971959591,0.5021823049,142.81233215,12.250000954,65000
1205.28,HORDALAND GP.,Utsira Fm.,12.994795799,1.9977225065,0.5241693258,141.37203979,12.250000954,65000
1205.432,HORDALAND GP.,Utsira Fm.,12.972601891,1.9934314489,0.5409178734,141.67520142,12.250000954,65000
1205.584,HORDALAND GP.,Utsira Fm.,12.96198082,1.9831827879,0.5380207896,143.75787354,12.250000954,65000
1205.736,HORDALAND GP.,Utsira Fm.,12.934985161,1.9691171646,0.5262733698,146.3125,12.250000954,65000
1205.888,HORDALAND GP.,Utsira Fm.,12.90117836,1.95049119,0.519415319,147.99557495,12.250000954,65000
1206.04,HORDALAND GP.,Utsira Fm.,12.886901855,1.9368736744,0.5206092,149.24803162,12.250000954,65000
1206.192,HORDALAND GP.,Utsira Fm.,12.884066582,1.9285484552,0.5202228427,149.9271698,12.250000954,65000
1206.344,HORDALAND GP.,Utsira Fm.,12.887024879,1.9253321886,0.5214263201,151.23622131,12.250000954,65000
1206.496,HORDALAND GP.,Utsira Fm.,12.894804955,1.9179897308,0.5257026553,150.32382202,12.250000954,65000
1206.648,HORDALAND GP.,Utsira Fm.,12.905171394,1.8985661268,0.5236346126,145.82513428,12.250000954,65000
1206.8,HORDALAND GP.,Utsira Fm.,12.935371399,1.8729002476,0.515640676,142.99703979,12.250000954,65000
1206.952,HORDALAND GP.,Utsira Fm.,12.997385979,1.8522459269,0.5040022731,140.03904724,12.250000954,65000
1207.104,HORDALAND GP.,Utsira Fm.,13.074562073,1.8542845249,0.4988426566,140.00886536,12.250000954,65000
1207.256,HORDALAND GP.,Utsira Fm.,13.135995865,1.8748395443,0.4939807653,140.47932434,12.250000954,65000
1207.408,HORDALAND GP.,Utsira Fm.,13.165070534,1.8986526728,0.4899145365,143.76148987,12.250000954,65000
1207.56,HORDALAND GP.,Utsira Fm.,13.213774681,1.9074246883,0.4959267974,147.04724121,12.250000954,65000
1207.712,HORDALAND GP.,Utsira Fm.,13.296703339,1.8966517448,0.5025405288,146.29920959,12.250000954,65000
1207.864,HORDALAND GP.,Utsira Fm.,13.371843338,1.8758192062,0.4960646033,146.70341492,12.250000954,65000
1208.016,HORDALAND GP.,Utsira Fm.,13.416292191,1.8630119562,0.4819523096,145.0446167,12.250000954,65000
1208.168,HORDALAND GP.,Utsira Fm.,13.442815781,1.8708802462,0.4802991748,142.84104919,12.250000954,65000
1208.32,HORDALAND GP.,Utsira Fm.,13.48604393,1.8972176313,0.4904525876,143.15272522,12.250000954,65000
1208.472,HORDALAND GP.,Utsira Fm.,13.558768272,1.9250435829,0.4906318486,144.23326111,12.250000954,65000
1208.624,HORDALAND GP.,Utsira Fm.,13.639585495,1.9424510002,0.4733395875,147.04823303,12.250000954,65000
1208.776,HORDALAND GP.,Utsira Fm.,13.698293686,1.941642642,0.4606418014,148.57447815,12.250000954,65000
1208.928,HORDALAND GP.,Utsira Fm.,13.726358414,1.9258104563,0.475709796,148.02067566,12.250000954,65000
1209.08,HORDALAND GP.,Utsira Fm.,13.726387978,1.9114075899,0.4988619685,146.99212646,12.250000954,65000
1209.232,HORDALAND GP.,Utsira Fm.,13.716195107,1.9105876684,0.509621799,144.65879822,12.250000954,65000
1209.384,HORDALAND GP.,Utsira Fm.,13.744617462,1.9148548841,0.5164020061,144.39205933,12.250000954,65000
1209.536,HORDALAND GP.,Utsira Fm.,13.822004318,1.9100785255,0.5259621739,145.95767212,12.250000954,65000
1209.688,HORDALAND GP.,Utsira Fm.,13.871906281,1.8965833187,0.5273633599,145.89764404,12.250000954,65000
1209.84,HORDALAND GP.,Utsira Fm.,13.860574722,1.8924297094,0.5131222606,146.83595276,12.250000954,65000
1209.992,HORDALAND GP.,Utsira Fm.,13.837948799,1.901695013,0.4968519807,146.56988525,12.250000954,65000
1210.144,HORDALAND GP.,Utsira Fm.,13.853614807,1.9121652842,0.4995479286,146.93208313,12.250000954,65000
1210.296,HORDALAND GP.,Utsira Fm.,13.903765678,1.9144611359,0.5249400139,146.53411865,12.250000954,65000
1210.448,HORDALAND GP.,Utsira Fm.,13.934589386,1.9067786932,0.556987524,146.77952576,12.250000954,65000
1210.6,HORDALAND GP.,Utsira Fm.,13.939619064,1.8917201757,0.5745050907,146.62368774,12.250000954,65000
1210.752,HORDALAND GP.,Utsira Fm.,13.953975677,1.8660423756,0.5650929213,148.61843872,12.250000954,65000
1210.904,HORDALAND GP.,Utsira Fm.,13.955130577,1.8336533308,0.5336316228,150.43011475,12.250000954,65000
1211.056,HORDALAND GP.,Utsira Fm.,13.904878616,1.810541749,0.5061903,151.94850159,12.250000954,65000
1211.208,HORDALAND GP.,Utsira Fm.,13.848516464,1.80722332,0.4988450408,153.12304688,12.250000954,65000
1211.36,HORDALAND GP.,Utsira Fm.,13.829374313,1.8230031729,0.5099642873,150.88877869,12.250000954,65000
1211.512,HORDALAND GP.,Utsira Fm.,13.858189583,1.8495811224,0.5250320435,149.6578064,12.250000954,65000
1211.664,HORDALAND GP.,Utsira Fm.,13.926913261,1.879306674,0.5264090896,147.9806366,12.250000954,65000
1211.816,HORDALAND GP.,Utsira Fm.,13.963969231,1.9032546282,0.5179032087,148.15649414,12.250000954,65000
1211.968,HORDALAND GP.,Utsira Fm.,13.919750214,1.9139871597,0.5115228891,150.42202759,12.250000954,65000
1212.12,HORDALAND GP.,Utsira Fm.,13.85568428,1.9150848389,0.5092195868,150.62980652,12.250000954,65000
1212.272,HORDALAND GP.,Utsira Fm.,13.802510262,1.9135513306,0.5051973462,150.83758545,12.250000954,65000
1212.424,HORDALAND GP.,Utsira Fm.,13.72855854,1.9155973196,0.4969965219,151.29953003,12.250000954,65000
1212.576,HORDALAND GP.,Utsira Fm.,13.699876785,1.9209680557,0.4960240126,153.69322205,12.250000954,65000
1212.728,HORDALAND GP.,Utsira Fm.,13.735653877,1.9213175774,0.5085523129,159.24407959,12.250000954,65000
1212.88,HORDALAND GP.,Utsira Fm.,13.761552811,1.9094847441,0.524405539,162.2099762,12.250000954,65000
1213.032,HORDALAND GP.,Utsira Fm.,13.765015602,1.8855301142,0.5280966759,162.19651794,12.250000954,65000
1213.184,HORDALAND GP.,Utsira Fm.,13.77941227,1.8664422035,0.5103642344,157.35925293,12.250000954,65000
1213.336,HORDALAND GP.,Utsira Fm.,13.825277328,1.8694040775,0.4850131273,149.86843872,12.250000954,65000
1213.488,HORDALAND GP.,Utsira Fm.,13.896017075,1.8870326281,0.4741136432,147.69914246,12.250000954,65000
1213.64,HORDALAND GP.,Utsira Fm.,13.988473892,1.8938640356,0.4785020351,149.54133606,12.250000954,65000
1213.792,HORDALAND GP.,Utsira Fm.,14.070606232,1.8835070133,0.4785810113,152.18701172,12.250000954,65000
1213.944,HORDALAND GP.,Utsira Fm.,14.094322205,1.8757588863,0.4750894308,154.40715027,12.250000954,65000
1214.096,HORDALAND GP.,Utsira Fm.,14.094083786,1.8754372597,0.4833726585,155.62893677,12.250000954,65000
1214.248,HORDALAND GP.,Utsira Fm.,14.135655403,1.872191906,0.4986664653,152.98751831,12.250000954,65000
1214.4,HORDALAND GP.,Utsira Fm.,14.225239754,1.8624988794,0.5093284845,150.79592896,12.250000954,65000
1214.552,HORDALAND GP.,Utsira Fm.,14.317484856,1.8563450575,0.51261127,151.18109131,12.250000954,65000
1214.704,HORDALAND GP.,Utsira Fm.,14.338129997,1.8520634174,0.5205655694,152.89239502,12.250000954,65000
1214.856,HORDALAND GP.,Utsira Fm.,14.271223068,1.8355098963,0.5368295312,157.72538757,12.250000954,65000
1215.008,HORDALAND GP.,Utsira Fm.,14.177256584,1.8115985394,0.5450071096,161.79626465,12.250000954,65000
1215.16,HORDALAND GP.,Utsira Fm.,14.077869415,1.7907874584,0.5370620489,165.59710693,12.250000954,65000
1215.312,HORDALAND GP.,Utsira Fm.,14.039502144,1.7736179829,0.5179944634,168.81494141,12.250000954,65000
1215.464,HORDALAND GP.,Utsira Fm.,14.081010818,1.756456852,0.5021085143,170.31298828,12.250000954,65000
1215.616,HORDALAND GP.,Utsira Fm.,14.08535862,1.7393018007,0.5006051064,169.34907532,12.250000954,65000
1215.768,HORDALAND GP.,Utsira Fm.,14.081981659,1.715436697,0.5078998804,164.93928528,12.250000954,65000
1215.92,HORDALAND GP.,Utsira Fm.,14.097407341,1.7019882202,0.5248823166,158.54823303,12.250000954,65000
1216.072,HORDALAND GP.,Utsira Fm.,14.096539497,1.7273612022,0.5451074243,153.13780212,12.250000954,65000
1216.224,HORDALAND GP.,Utsira Fm.,14.092290878,1.7663785219,0.5553140044,147.59776306,12.250000954,65000
1216.376,HORDALAND GP.,Utsira Fm.,14.080648422,1.7905402184,0.555013895,146.89961243,12.250000954,65000
1216.528,HORDALAND GP.,Utsira Fm.,14.075368881,1.80479002,0.5493162274,147.54789734,12.250000954,65030
1216.68,HORDALAND GP.,Utsira Fm.,14.090128899,1.8217326403,0.5406078696,146.53739929,12.250000954,65030
1216.832,HORDALAND GP.,Utsira Fm.,14.116596222,1.8419713974,0.5188144445,147.53543091,12.250000954,65000
1216.984,HORDALAND GP.,Utsira Fm.,14.145516396,1.8584594727,0.4854243696,147.91809082,12.250000954,65000
1217.136,HORDALAND GP.,Utsira Fm.,14.166482925,1.8675043583,0.4700517654,149.12324524,12.250000954,65000
1217.288,HORDALAND GP.,Utsira Fm.,14.174069405,1.8676645756,0.4885114133,150.32841492,12.250000954,65000
1217.44,HORDALAND GP.,Utsira Fm.,14.189098358,1.8577680588,0.511320889,150.99769592,12.250000954,65000
1217.592,HORDALAND GP.,Utsira Fm.,14.211764336,1.8415755033,0.5080874562,148.45176697,12.250000954,65000
1217.744,HORDALAND GP.,Utsira Fm.,14.211277008,1.8264887333,0.4904420078,148.20373535,12.250000954,65000
1217.896,HORDALAND GP.,Utsira Fm.,14.231534958,1.8217352629,0.4927829802,148.34907532,12.250000954,65000
1218.048,HORDALAND GP.,Utsira Fm.,14.315834999,1.825045228,0.5286380053,145.67355347,12.250000954,65000
1218.2,HORDALAND GP.,Utsira Fm.,14.419011116,1.8264294863,0.5627344251,147.10728455,12.250000954,65000
1218.352,HORDALAND GP.,Utsira Fm.,14.499372482,1.82134974,0.5677807331,148.34613037,12.250000954,65000
1218.504,HORDALAND GP.,Utsira Fm.,14.551825523,1.8164024353,0.5548947453,148.16732788,12.250000954,65000
1218.656,HORDALAND GP.,Utsira Fm.,14.58468914,1.8206039667,0.54714185,148.56889343,12.250000954,65000
1218.808,HORDALAND GP.,Utsira Fm.,14.596291542,1.8326597214,0.5503540039,148.97703552,12.250000954,65000
1218.96,HORDALAND GP.,Utsira Fm.,14.596270561,1.8400162458,0.5447631478,147.6056366,12.250000954,65000
1219.112,HORDALAND GP.,Utsira Fm.,14.608203888,1.8366523981,0.5411071181,146.38780212,12.250000954,65000
1219.264,HORDALAND GP.,Utsira Fm.,14.635791779,1.8294084072,0.5417096615,146.72441101,12.250000954,65000
1219.416,HORDALAND GP.,Utsira Fm.,14.658058167,1.8271776438,0.5580699444,148.81069946,12.250000954,65000
1219.568,HORDALAND GP.,Utsira Fm.,14.665163994,1.8312336206,0.5953484774,149.71751404,12.250000954,65000
1219.72,HORDALAND GP.,Utsira Fm.,14.65961647,1.8373152018,0.6260848045,152.77033997,12.250000954,65000
1219.872,HORDALAND GP.,Utsira Fm.,14.662586212,1.8464628458,0.618105948,150.32151794,12.250000954,65000
1220.024,HORDALAND GP.,Utsira Fm.,14.682358742,1.8554360867,0.5626860857,148.45127869,12.250000954,65000
1220.176,HORDALAND GP.,Utsira Fm.,14.683414459,1.8589493036,0.5034531951,147.89025879,12.250000954,65000
1220.328,HORDALAND GP.,Utsira Fm.,14.688434601,1.856721282,0.4853087068,147.42585754,12.250000954,65000
1220.48,HORDALAND GP.,Utsira Fm.,14.736414909,1.8505712748,0.496946454,148.00984192,12.250000954,65000
1220.632,HORDALAND GP.,Utsira Fm.,14.808297157,1.8430523872,0.5120487213,148.06791687,12.250000954,65000
1220.784,HORDALAND GP.,Utsira Fm.,14.876851082,1.8340744972,0.5172921419,147.28314209,12.250000954,65000
1220.936,HORDALAND GP.,Utsira Fm.,14.94063282,1.828368187,0.5159128904,146.22244263,12.250000954,65030
1221.088,HORDALAND GP.,Utsira Fm.,14.996161461,1.8295228481,0.5124033093,147.74737549,12.250000954,65030
1221.24,HORDALAND GP.,Utsira Fm.,15.041924477,1.8334077597,0.5077378154,151.15370178,12.250000954,65030
1221.392,HORDALAND GP.,Utsira Fm.,15.08288765,1.8326722383,0.5228475332,151.59005737,12.250000954,65000
1221.544,HORDALAND GP.,Utsira Fm.,15.102834702,1.8277368546,0.5572510362,151.94717407,12.250000954,65000
1221.696,HORDALAND GP.,Utsira Fm.,15.109052658,1.8230855465,0.5713598728,150.93011475,12.250000954,65000
1221.848,HORDALAND GP.,Utsira Fm.,15.120038033,1.8167026043,0.5414483547,147.71554565,12.250000954,65000
1222.0,HORDALAND GP.,Utsira Fm.,15.124620438,1.8101295233,0.4975152314,147.31529236,12.250000954,65000
1222.152,HORDALAND GP.,Utsira Fm.,15.125435829,1.8143155575,0.4856302142,150.78117371,12.250000954,65000
1222.304,HORDALAND GP.,Utsira Fm.,15.127731323,1.8246583939,0.5073943138,151.35728455,12.250000954,65000
1222.456,HORDALAND GP.,Utsira Fm.,15.129580498,1.8312951326,0.5251774788,150.9609375,12.250000954,65000
1222.608,HORDALAND GP.,Utsira Fm.,15.125282288,1.8242411613,0.5320708156,150.0357666,12.250000954,65000
1222.76,HORDALAND GP.,Utsira Fm.,15.121046066,1.8154507875,0.5380770564,148.02952576,12.250000954,65000
1222.912,HORDALAND GP.,Utsira Fm.,15.122540474,1.8195537329,0.5445916057,148.83726501,12.250000954,65000
1223.064,HORDALAND GP.,Utsira Fm.,15.128627777,1.8268641233,0.5426458716,151.15486145,12.250000954,65000
1223.216,HORDALAND GP.,Utsira Fm.,15.138018608,1.8261497021,0.5246884823,152.03543091,12.250000954,65000
1223.368,HORDALAND GP.,Utsira Fm.,15.138760567,1.8211313486,0.4987401962,153.08529663,12.250000954,65000
1223.52,HORDALAND GP.,Utsira Fm.,15.150419235,1.8276175261,0.4853074551,151.65158081,12.250000954,65000
1223.672,HORDALAND GP.,Utsira Fm.,15.188359261,1.8450202942,0.4961332381,148.00296021,12.250000954,65000
1223.824,HORDALAND GP.,Utsira Fm.,15.231915474,1.8546273708,0.5225914121,148.11187744,12.250000954,65000
1223.976,HORDALAND GP.,Utsira Fm.,15.272404671,1.8538427353,0.543147862,147.46095276,12.250000954,65000
1224.128,HORDALAND GP.,Utsira Fm.,15.304454803,1.8575441837,0.5466012359,145.38090515,12.250000954,65000
1224.28,HORDALAND GP.,Utsira Fm.,15.326645851,1.872703433,0.5485102534,145.73194885,12.250000954,65000
1224.432,HORDALAND GP.,Utsira Fm.,15.346271515,1.8888937235,0.5508854389,144.36187744,12.250000954,65000
1224.584,HORDALAND GP.,Utsira Fm.,15.36753273,1.8900765181,0.540705204,143.13189697,12.250000954,65000
1224.736,HORDALAND GP.,Utsira Fm.,15.379636765,1.8806214333,0.5143057108,144.00065613,12.250000954,65000
1224.888,HORDALAND GP.,Utsira Fm.,15.386806488,1.8749217987,0.502519846,144.12565613,12.250000954,65000
1225.04,HORDALAND GP.,Utsira Fm.,15.402938843,1.8840868473,0.5132984519,144.375,12.250000954,65000
1225.192,HORDALAND GP.,Utsira Fm.,15.436787605,1.8961853981,0.5082855225,145.99572754,12.250000954,65000
1225.344,HORDALAND GP.,Utsira Fm.,15.472150803,1.8964785337,0.484364897,145.50262451,12.250000954,65000
1225.496,HORDALAND GP.,Utsira Fm.,15.485862732,1.8824419975,0.4630891681,146.36810303,12.250000954,65000
